[
	{
		"id": "CREDIT_CARD",
		"name": "CREDIT CARD"
	},
	{
		"id": "PERMATA",
		"name": "Permata Bank"
	},
	{
		"id": "BNI",
		"name": "BNI"
	},
	{
		"id": "BRI",
		"name": "BRI"
	},
	{
		"id": "MANDIRI",
		"name": "Mandiri"
	},
	{
		"id": "BCA",
		"name": "BCA"
	},
	{
		"id": "BSI",
		"name": "BSI"
	},
	{
		"id": "DD_BRI",
		"name": "Direct Debit BRI"
	},
	{
		"id": "DD_BCA_KLIKPAY",
		"name": "Direct Debit BCA KLIKPAY"
	},
	{
		"id": "ALFAMART",
		"name": "Alfamart "
	},
	{
		"id": "INDOMARET",
		"name": "Indomaret "
	},
	{
		"id": "OVO",
		"name": "OVO"
	},
	{
		"id": "DANA",
		"name": "DANA"
	},
	{
		"id": "LINKAJA",
		"name": "LinkAja"
	},
	{
		"id": "SHOPEEPAY",
		"name": "ShopeePay "
	},
	{
		"id": "QRIS",
		"name": "QRIS"
	}
]
